method,hop,top_n,strategy,k1,b,query_id,recall_at_5,recall_at_10,mrr_at_10,ndcg_at_10
query_expansion_bm25,2,5,edge_weight_log_passage_count,1.500000,0.750000,q_000001,0.500000,0.500000,0.200000,0.237198
query_expansion_bm25,2,5,edge_weight_log_passage_count,1.500000,0.750000,q_000002,0.333333,0.333333,0.500000,0.296082
query_expansion_bm25,2,5,edge_weight_log_passage_count,1.500000,0.750000,q_000003,0.400000,0.400000,0.333333,0.300785
query_expansion_bm25,2,5,edge_weight_log_passage_count,1.500000,0.750000,q_000004,1.000000,1.000000,1.000000,1.000000
query_expansion_bm25,2,5,edge_weight_log_passage_count,1.500000,0.750000,q_000005,1.000000,1.000000,0.333333,0.543771
query_expansion_bm25,2,5,edge_weight_log_passage_count,1.500000,0.750000,q_000006,0.500000,1.000000,0.500000,0.605260
query_expansion_bm25,2,5,edge_weight_log_passage_count,1.500000,0.750000,q_000007,1.000000,1.000000,0.500000,0.624051
query_expansion_bm25,2,5,edge_weight_log_passage_count,1.500000,0.750000,q_000008,0.000000,0.000000,0.000000,0.000000
query_expansion_bm25,2,5,edge_weight_log_passage_count,1.500000,0.750000,q_000009,1.000000,1.000000,0.500000,0.712263
query_expansion_bm25,2,5,edge_weight_log_passage_count,1.500000,0.750000,q_000010,0.500000,0.500000,0.333333,0.306574
query_expansion_bm25,2,5,edge_weight_log_passage_count,1.500000,0.750000,q_000011,0.333333,1.000000,0.500000,0.585390
query_expansion_bm25,2,5,edge_weight_log_passage_count,1.500000,0.750000,q_000012,0.333333,0.666667,0.500000,0.431734
query_expansion_bm25,2,5,edge_weight_log_passage_count,1.500000,0.750000,q_000013,0.666667,0.666667,0.250000,0.383649
query_expansion_bm25,2,5,edge_weight_log_passage_count,1.500000,0.750000,q_000014,0.500000,0.500000,0.333333,0.306574
query_expansion_bm25,2,5,edge_weight_log_passage_count,1.500000,0.750000,q_000015,0.333333,0.666667,0.500000,0.452508
query_expansion_bm25,2,5,edge_weight_log_passage_count,1.500000,0.750000,q_000016,0.500000,0.500000,0.500000,0.386853
query_expansion_bm25,2,5,edge_weight_log_passage_count,1.500000,0.750000,q_000017,0.666667,0.666667,0.500000,0.530721
query_expansion_bm25,2,5,edge_weight_log_passage_count,1.500000,0.750000,q_000018,1.000000,1.000000,0.250000,0.501266
query_expansion_bm25,2,5,edge_weight_log_passage_count,1.500000,0.750000,q_000019,0.500000,0.500000,1.000000,0.613147
query_expansion_bm25,2,5,edge_weight_log_passage_count,1.500000,0.750000,q_000020,0.500000,1.000000,0.333333,0.491149
query_expansion_bm25,2,5,edge_weight_log_passage_count,1.500000,0.750000,q_000021,0.666667,0.666667,0.250000,0.383649
query_expansion_bm25,2,5,edge_weight_log_passage_count,1.500000,0.750000,q_000022,0.000000,0.000000,0.000000,0.000000
query_expansion_bm25,2,5,edge_weight_log_passage_count,1.500000,0.750000,q_000023,0.500000,0.500000,0.500000,0.441492
query_expansion_bm25,2,5,edge_weight_log_passage_count,1.500000,0.750000,q_000024,0.000000,0.000000,0.000000,0.000000
query_expansion_bm25,2,5,edge_weight_log_passage_count,1.500000,0.750000,q_000025,0.666667,1.000000,0.250000,0.519301
query_expansion_bm25,2,5,edge_weight_log_passage_count,1.500000,0.750000,q_000026,0.500000,0.500000,0.333333,0.306574
query_expansion_bm25,2,5,edge_weight_log_passage_count,1.500000,0.750000,q_000027,0.000000,0.000000,0.000000,0.000000
query_expansion_bm25,2,5,edge_weight_log_passage_count,1.500000,0.750000,q_000028,1.000000,1.000000,0.500000,0.650921
query_expansion_bm25,2,5,edge_weight_log_passage_count,1.500000,0.750000,q_000029,0.666667,0.666667,1.000000,0.650821
query_expansion_bm25,2,5,edge_weight_log_passage_count,1.500000,0.750000,q_000030,1.000000,1.000000,0.500000,0.693426
query_expansion_bm25,2,5,edge_weight_log_passage_count,1.500000,0.750000,q_000031,0.500000,0.500000,1.000000,0.613147
query_expansion_bm25,2,5,edge_weight_log_passage_count,1.500000,0.750000,q_000032,1.000000,1.000000,0.333333,0.570642
query_expansion_bm25,2,5,edge_weight_log_passage_count,1.500000,0.750000,q_000033,0.500000,0.500000,0.250000,0.264068
query_expansion_bm25,2,5,edge_weight_log_passage_count,1.500000,0.750000,q_000034,0.000000,0.500000,0.111111,0.184576
query_expansion_bm25,2,5,edge_weight_log_passage_count,1.500000,0.750000,q_000035,0.250000,0.250000,1.000000,0.390380
query_expansion_bm25,2,5,edge_weight_log_passage_count,1.500000,0.750000,q_000036,0.500000,0.500000,1.000000,0.613147
query_expansion_bm25,2,5,edge_weight_log_passage_count,1.500000,0.750000,q_000037,1.000000,1.000000,1.000000,0.919721
query_expansion_bm25,2,5,edge_weight_log_passage_count,1.500000,0.750000,q_000038,1.000000,1.000000,0.500000,0.624051
query_expansion_bm25,2,5,edge_weight_log_passage_count,1.500000,0.750000,q_000039,1.000000,1.000000,1.000000,0.919721
query_expansion_bm25,2,5,edge_weight_log_passage_count,1.500000,0.750000,q_000040,0.500000,0.500000,0.500000,0.386853
query_expansion_bm25,2,5,edge_weight_log_passage_count,1.500000,0.750000,q_000041,0.333333,0.333333,0.500000,0.296082
query_expansion_bm25,2,5,edge_weight_log_passage_count,1.500000,0.750000,q_000042,0.000000,0.000000,0.000000,0.000000
query_expansion_bm25,2,5,edge_weight_log_passage_count,1.500000,0.750000,q_000043,0.500000,0.500000,0.500000,0.386853
query_expansion_bm25,2,5,edge_weight_log_passage_count,1.500000,0.750000,q_000044,0.500000,0.500000,0.200000,0.237198
query_expansion_bm25,2,5,edge_weight_log_passage_count,1.500000,0.750000,q_000045,0.333333,0.333333,1.000000,0.469279
query_expansion_bm25,2,5,edge_weight_log_passage_count,1.500000,0.750000,q_000046,0.500000,0.750000,1.000000,0.654245
query_expansion_bm25,2,5,edge_weight_log_passage_count,1.500000,0.750000,q_000047,0.333333,0.333333,1.000000,0.469279
query_expansion_bm25,2,5,edge_weight_log_passage_count,1.500000,0.750000,q_000048,0.000000,0.500000,0.166667,0.218407
query_expansion_bm25,2,5,edge_weight_log_passage_count,1.500000,0.750000,q_000049,0.000000,0.500000,0.142857,0.204382
query_expansion_bm25,2,5,edge_weight_log_passage_count,1.500000,0.750000,q_000050,0.500000,1.000000,1.000000,0.817530
query_expansion_bm25,2,5,edge_weight_log_passage_count,1.500000,0.750000,q_000051,0.000000,0.333333,0.111111,0.141267
query_expansion_bm25,2,5,edge_weight_log_passage_count,1.500000,0.750000,q_000052,0.000000,0.500000,0.125000,0.193426
query_expansion_bm25,2,5,edge_weight_log_passage_count,1.500000,0.750000,q_000053,0.000000,0.500000,0.111111,0.184576
query_expansion_bm25,2,5,edge_weight_log_passage_count,1.500000,0.750000,q_000054,0.000000,0.000000,0.000000,0.000000
query_expansion_bm25,2,5,edge_weight_log_passage_count,1.500000,0.750000,q_000055,0.500000,0.500000,0.333333,0.346210
query_expansion_bm25,2,5,edge_weight_log_passage_count,1.500000,0.750000,q_000056,0.250000,0.250000,0.333333,0.195190
query_expansion_bm25,2,5,edge_weight_log_passage_count,1.500000,0.750000,q_000057,0.500000,0.500000,0.500000,0.386853
query_expansion_bm25,2,5,edge_weight_log_passage_count,1.500000,0.750000,q_000058,0.500000,1.000000,0.333333,0.524981
query_expansion_bm25,2,5,edge_weight_log_passage_count,1.500000,0.750000,q_000059,0.000000,0.000000,0.000000,0.000000
query_expansion_bm25,2,5,edge_weight_log_passage_count,1.500000,0.750000,q_000060,0.500000,0.500000,1.000000,0.613147
query_expansion_bm25,2,5,edge_weight_log_passage_count,1.500000,0.750000,q_000061,0.333333,0.666667,0.500000,0.452508
query_expansion_bm25,2,5,edge_weight_log_passage_count,1.500000,0.750000,q_000062,0.000000,0.333333,0.166667,0.167160
query_expansion_bm25,2,5,edge_weight_log_passage_count,1.500000,0.750000,q_000063,0.500000,0.500000,0.500000,0.386853
query_expansion_bm25,2,5,edge_weight_log_passage_count,1.500000,0.750000,q_000064,0.333333,0.333333,0.250000,0.202107
query_expansion_bm25,2,5,edge_weight_log_passage_count,1.500000,0.750000,q_000065,0.000000,0.500000,0.125000,0.193426
query_expansion_bm25,2,5,edge_weight_log_passage_count,1.500000,0.750000,q_000066,0.333333,0.333333,0.250000,0.202107
query_expansion_bm25,2,5,edge_weight_log_passage_count,1.500000,0.750000,q_000067,0.500000,0.500000,0.333333,0.306574
query_expansion_bm25,2,5,edge_weight_log_passage_count,1.500000,0.750000,q_000068,0.000000,0.500000,0.111111,0.184576
query_expansion_bm25,2,5,edge_weight_log_passage_count,1.500000,0.750000,q_000069,0.000000,0.000000,0.000000,0.000000
query_expansion_bm25,2,5,edge_weight_log_passage_count,1.500000,0.750000,q_000070,0.000000,0.500000,0.142857,0.204382
query_expansion_bm25,2,5,edge_weight_log_passage_count,1.500000,0.750000,q_000071,0.000000,0.000000,0.000000,0.000000
query_expansion_bm25,2,5,edge_weight_log_passage_count,1.500000,0.750000,q_000072,0.500000,0.500000,0.500000,0.386853
query_expansion_bm25,2,5,edge_weight_log_passage_count,1.500000,0.750000,q_000073,0.500000,1.000000,0.500000,0.580279
query_expansion_bm25,2,5,edge_weight_log_passage_count,1.500000,0.750000,q_000074,0.500000,0.500000,0.500000,0.386853
query_expansion_bm25,2,5,edge_weight_log_passage_count,1.500000,0.750000,q_000075,0.333333,0.666667,0.500000,0.437349
query_expansion_bm25,2,5,edge_weight_log_passage_count,1.500000,0.750000,q_000076,0.500000,0.500000,1.000000,0.636682
query_expansion_bm25,2,5,edge_weight_log_passage_count,1.500000,0.750000,q_000077,1.000000,1.000000,1.000000,0.877215
query_expansion_bm25,2,5,edge_weight_log_passage_count,1.500000,0.750000,q_000078,0.000000,0.666667,0.125000,0.283693
query_expansion_bm25,2,5,edge_weight_log_passage_count,1.500000,0.750000,q_000079,1.000000,1.000000,0.500000,0.693426
query_expansion_bm25,2,5,edge_weight_log_passage_count,1.500000,0.750000,q_000080,0.500000,0.500000,1.000000,0.613147
query_expansion_bm25,2,5,edge_weight_log_passage_count,1.500000,0.750000,q_000081,0.500000,0.500000,1.000000,0.613147
query_expansion_bm25,2,5,edge_weight_log_passage_count,1.500000,0.750000,q_000082,1.000000,1.000000,1.000000,1.000000
query_expansion_bm25,2,5,edge_weight_log_passage_count,1.500000,0.750000,q_000083,0.666667,0.666667,1.000000,0.671386
query_expansion_bm25,2,5,edge_weight_log_passage_count,1.500000,0.750000,q_000084,1.000000,1.000000,1.000000,1.000000
query_expansion_bm25,2,5,edge_weight_log_passage_count,1.500000,0.750000,q_000085,0.333333,0.666667,1.000000,0.617320
query_expansion_bm25,2,5,edge_weight_log_passage_count,1.500000,0.750000,q_000086,1.000000,1.000000,1.000000,0.877215
query_expansion_bm25,2,5,edge_weight_log_passage_count,1.500000,0.750000,q_000087,0.500000,0.500000,1.000000,0.613147
query_expansion_bm25,2,5,edge_weight_log_passage_count,1.500000,0.750000,q_000088,1.000000,1.000000,1.000000,1.000000
query_expansion_bm25,2,5,edge_weight_log_passage_count,1.500000,0.750000,q_000089,0.500000,1.000000,0.500000,0.605260
query_expansion_bm25,2,5,edge_weight_log_passage_count,1.500000,0.750000,q_000090,0.000000,1.000000,0.111111,0.361815
query_expansion_bm25,2,5,edge_weight_log_passage_count,1.500000,0.750000,q_000091,1.000000,1.000000,1.000000,1.000000
query_expansion_bm25,2,5,edge_weight_log_passage_count,1.500000,0.750000,q_000092,0.333333,0.333333,0.500000,0.296082
query_expansion_bm25,2,5,edge_weight_log_passage_count,1.500000,0.750000,q_000093,0.750000,0.750000,1.000000,0.831872
query_expansion_bm25,2,5,edge_weight_log_passage_count,1.500000,0.750000,q_000094,0.500000,0.500000,0.200000,0.237198
query_expansion_bm25,2,5,edge_weight_log_passage_count,1.500000,0.750000,q_000095,0.250000,0.500000,0.500000,0.385359
query_expansion_bm25,2,5,edge_weight_log_passage_count,1.500000,0.750000,q_000096,0.500000,0.500000,0.500000,0.386853
query_expansion_bm25,2,5,edge_weight_log_passage_count,1.500000,0.750000,q_000097,0.500000,0.500000,1.000000,0.613147
query_expansion_bm25,2,5,edge_weight_log_passage_count,1.500000,0.750000,q_000098,1.000000,1.000000,0.500000,0.650921
query_expansion_bm25,2,5,edge_weight_log_passage_count,1.500000,0.750000,q_000099,0.666667,0.666667,1.000000,0.703918
query_expansion_bm25,2,5,edge_weight_log_passage_count,1.500000,0.750000,q_000100,0.500000,0.500000,0.250000,0.264068
